director_id,director_name
1,"Verbinski, Gore"
2,"Levy, Shawn"
3,"Lasseter, John|Ranft, Joe"
4,"Ratner, Brett"
5,"Howard, Ron"
6,"Singer, Bryan"
7,"Coleman, Warren|Miller, George|Morris, Judy"
8,"Saldanha, Carlos"
9,"Campbell, Martin"
10,"Muccino, Gabriele"
11,"Johnson, Tim|Kirkpatrick, Karey"
12,"McKay, Adam"
13,"Coraci, Frank"
14,"Abrams, J.J."
15,"Scorsese, Martin"
16,"Charles, Larry"
17,"Frankel, David"
18,"Reed, Peyton"
19,"Condon, Bill"
20,"Zucker, David"
21,"Dey, Tom"
22,"Lee, Spike"
23,"Allers, Roger|Culton, Jill|Stacchi, Anthony"
24,"Lembeck, Michael"
25,"Winick, Gary"
26,"Marshall, Frank"
27,"Bousman, Darren Lynn"
28,"Hess, Jared"
29,"Russo, Anthony|Russo, Joe"
30,"Fangmeier, Stefen"
31,"Kenan, Gil"
32,"Oedekerk, Steve"
33,"Tremaine, Jeff"
34,"Sonnenfeld, Barry"
35,"Stone, Oliver"
36,"Stallone, Sylvester"
37,"Whitesell, John"
38,"Fletcher, Anne"
39,"Bowers, David|Fell, Sam"
40,"Scott, Tony"
41,"Mann, Michael"
42,"Meyers, Nancy"
43,"Perry, Tyler"
44,"Lin, Justin"
45,"Wiseman, Len"
46,"Robbins, Brian"
47,"Petersen, Wolfgang"
48,"De Niro, Robert"
49,"Dayton, Jonathan|Faris, Valerie"
50,"Dugan, Dennis"
51,"O'Callaghan, Matthew"
52,"Maulucci, Damon"
53,"Core, Ericson"
54,"Zwick, Edward"
55,"Frears, Stephen"
56,"Davis, Andrew"
57,"Moore, John"
58,"Wong, James"
59,"Nolan, Christopher"
60,"Agresti, Alejandro"
61,"Gibson, Mel"
62,"Loncraine, Richard"
63,"Friedberg, Jason|Seltzer, Aaron"
64,"West, Simon"
65,"Gans, Christophe"
66,"Hall, Howard"
67,McG
68,"Gartner, James"
69,"Shyamalan, M. Night"
70,"Aja, Alexandre"
71,"Thomas, Betty"
72,"Forster, Marc"
73,"Burger, Neil"
74,"Liebesman, Jonathan"
75,"Shimizu, Takashi"
76,"Joanou, Phil"
77,"Wang, Wayne"
78,"del Toro, Guillermo"
79,"Hardwicke, Catherine"
80,"Levinson, Barry"
81,"Williams, Steve 'Spaz'"
82,"Donner, Richard"
83,"Pink, Steve"
84,"Johnson, Clark"
85,"Cuarón, Alfonso"
86,"Friedlander, Liz"
87,"González Iñárritu, Alejandro"
88,"Ellis, David R."
89,"Fickman, Andy"
90,"Eastwood, Clint"
91,"Greengrass, Paul"
92,"Coolidge, Greg"
93,"Hill, Tim"
94,"Davis, John A."
95,"Raimi, Sam"
96,"Hui, Raman|Miller, Chris"
97,"Bay, Michael"
98,"Yates, David"
99,"Lawrence, Francis"
100,"Turteltaub, Jon"
101,"Snyder, Zack"
102,"Bird, Brad|Pinkava, Jan"
103,"Silverman, David"
104,"Becker, Walt"
105,"Apatow, Judd"
106,"Reitman, Jason"
107,"Story, Tim"
108,"Scott, Ridley"
109,"Lima, Kevin"
110,"Smith, Simon J.|Steve Hickner"
111,"Mottola, Greg"
112,"Shankman, Adam"
113,"Gordon, Josh|Speck, Will"
114,"Soderbergh, Steven"
115,"Johnson, Mark Steven"
116,"Shadyac, Tom"
117,"Anderson, Stephen J."
118,"Reiner, Rob"
119,"Csupo, Gabor"
120,"Zemeckis, Robert"
121,"Caruso, D.J."
122,"Coen, Ethan|Coen, Joel"
123,"Dobkin, David"
124,"Håfström, Mikael"
125,"Weitz, Chris"
126,"Nichols, Mike"
127,"White, Sylvain"
128,"Brannon, Ash|Buck, Chris"
129,"Zombie, Rob"
130,"Munroe, Kevin"
131,"LaGravenese, Richard"
132,"Mangold, James"
133,"Burton, Tim"
134,"Wright, Joe"
135,"Mulcahy, Russell"
136,"Lawrence, Marc"
137,"Carr, Steve"
138,"Whitmore II, Preston A."
139,"Gilroy, Tony"
140,"Yapo, Mennan"
141,"Hedges, Peter"
142,"Berg, Peter"
143,"Fuqua, Antoine"
144,"Kwapis, Ken"
145,"Du Chau, Frederik"
146,"Hicks, Scott"
147,"Lehmann, Michael"
148,"Strause, Colin|Strause, Greg"
149,"Russell, Jay"
150,"Anderson, Paul Thomas"
151,"Gens, Xavier"
152,"Slade, David"
153,"Hoblit, Gregory"
154,"Vaughn, Matthew"
155,"Jordan, Neil"
156,"Farrelly, Bobby|Farrelly, Peter"
157,"Carnahan, Joe"
158,"Pang, Danny|Pang, Oxide Chun"
159,"Schumacher, Joel"
160,"Helfrich, Mark"
161,"Bendelack, Steve"
162,"Fincher, David"
163,"Ray, Billy"
164,"Garant, Robert Ben"
165,"Helm, Zach"
166,"Sheridan, Kirsten"
167,"Washington, Denzel"
168,"Fresnadillo, Juan Carlos"
169,"Gray, James"
170,"Evans, Bruce A."
171,"Webber, Peter"
172,"Berman, Shari Springer|Pulcini, Robert"
173,"Gillespie, Craig"
174,"Darabont, Frank"
175,"Fleming, Andrew"
176,"Hopkins, Stephen"
177,"Rodriguez, Robert|Roth, Eli|Tarantino, Quentin|Wright, Edgar|Zombie, Rob"
178,"Moore, Michael"
179,"Taymor, Julie"
180,"Foley, James"
181,"Phillips, Sean MacLeod"
182,"Favreau, Jon"
183,"Spielberg, Steven"
184,"Stanton, Andrew"
185,"Osborne, Mark|Stevenson, John"
186,"Darnell, Eric|McGrath, Tom"
187,"Hayward, Jimmy|Martino, Steve"
188,"King, Michael Patrick"
189,"Lloyd, Phyllida"
190,"Adamson, Andrew"
191,"Boyle, Danny|Tandan, Loveleen"
192,"Leterrier, Louis"
193,"Bekmambetov, Timur"
194,"Segal, Peter"
195,"Gordon, Seth"
196,"Howard, Byron|Williams, Chris"
197,"Stiller, Ben"
198,"Cohen, Rob"
199,"Brevig, Eric"
200,"Emmerich, Roland"
201,"Gosnell, Raja"
202,"Ortega, Kenny"
203,"Green, David Gordon"
204,"Luketic, Robert"
205,"Vaughan, Tom"
206,"Liman, Doug"
207,"Reeves, Matt"
208,"Derrickson, Scott"
209,"Travis, Pete"
210,"Waters, Mark"
211,"Tennant, Andy"
212,"Wain, David"
213,"Hendricks, Bruce"
214,"Stoller, Nicholas"
215,"McCullers, Michael"
216,"Chu, Jon M."
217,"Hackl, David"
218,"Bertino, Bryan"
219,"Minkoff, Rob"
220,"Fell, Sam|Stevenhagen, Robert"
221,"Luhrmann, Baz"
222,"Wolf, Fred"
223,"Flackett, Jennifer|Levin, Mark"
224,"Weiland, Paul"
225,"Kumble, Roger"
226,"Hamri, Sanaa"
227,"Wachowski, Lana|Wachowski, Lilly"
228,"McCormick, Nelson"
229,"Lee, Malcolm D."
230,"Wolfe, George C."
231,"Avnet, Jon"
232,"LaBute, Neil"
233,"Hurwitz, Jon|Schlossberg, Hayden"
234,"Talbert, David E."
235,"Prince-Bythewood, Gina"
236,"Anderson, Paul W.S."
237,"Filoni, Dave"
238,"Daldry, Stephen"
239,"Alterman, Kent"
240,"Kendrick, Alex"
241,"Shanley, John Patrick"
242,"Brill, Steven"
243,"Brooks, Adam"
244,"Schnabel, Marco"
245,"Van Sant, Gus"
246,"Megaton, Olivier"
247,"Dowdle, John Erick"
248,"Sollett, Peter"
249,"Smith, Kevin"
250,"Moreau, David|Palud, Xavier"
251,"Clooney, George"
252,"De Micco, Kirk"
253,"Donaldson, Roger"
254,"English, Diane"
255,"Cameron, James"
256,"Docter, Pete|Peterson, Bob"
257,"Phillips, Todd"
258,"Hancock, John Lee"
259,"Ritchie, Guy"
260,"Letterman, Rob|Vernon, Conrad"
261,"Saldanha, Carlos|Thurmeier, Mike"
262,"Hood, Gavin"
263,"Sommers, Stephen"
264,"Morel, Pierre"
265,"Lord, Phil|Miller, Christopher"
266,"Roth, Eli|Tarantino, Quentin"
267,"Yeatman, Hoyt"
268,"Blomkamp, Neill"
269,"Billingsley, Peter"
270,"Peli, Oren"
271,"Clements, Ron|Musker, John"
272,"Ephron, Nora"
273,"Proyas, Alex"
274,"Chelsom, Peter"
275,"Jonze, Spike"
276,"Fleischer, Ruben"
277,"Selick, Henry"
278,"Gray, F. Gary"
279,"Freudenthal, Thor"
280,"Hamburg, John"
281,"Shill, Steve"
282,"Nispel, Marcus"
283,"Steers, Burr"
284,"Schwentke, Robert"
285,"Cornwell, Peter"
286,"Lussier, Patrick"
287,"Silberling, Brad"
288,"Cassavetes, Nick"
289,"Daniels, Lee"
290,"Tatopoulos, Patrick"
291,"Hogan, P.J."
292,"Jackson, Peter"
293,"Ramis, Harold"
294,"Goyer, David S."
295,"Abad, Javier|Blanco, Jorge|Martínez, Marcos"
296,"Collet-Serra, Jaume"
297,"Cooper, Scott"
298,"Mostow, Jonathan"
299,"McTeigue, James"
300,"Macdonald, Kevin"
301,"Tillman Jr., George"
302,"Zwart, Harald"
303,"Traill, Phil"
304,"Iliadis, Dennis"
305,"Heslov, Grant"
306,"Webb, Marc"
307,"Ho, Tzu Nyen"
308,"McGuigan, Paul"
309,"Acker, Shane"
310,"Vidal, Brian"
311,"Guard, Charles|Guard, Thomas"
312,"Sheridan, Jim"
313,"Greutert, Kevin"
314,"Osunsanmi, Olatunde"
315,"Unkrich, Lee"
316,"Coffin, Pierre|Renaud, Chris"
317,"Mitchell, Mike"
318,"DeBlois, Dean|Sanders, Chris"
319,"Greno, Nathan|Howard, Byron"
320,"Kosinski, Joseph"
321,"Weitz, Paul"
322,"McGrath, Tom"
323,"Hooper, Tom"
324,"Noyce, Phillip"
325,"Marshall, Garry"
326,"Aronofsky, Darren"
327,"Apted, Michael"
328,"Hughes, Albert|Hughes, Allen"
329,"Russell, David O."
330,"Affleck, Ben"
331,"Newell, Mike"
332,"Columbus, Chris"
333,"Williams, Tod"
334,"Murphy, Ryan"
335,"Hallström, Lasse"
336,"Roach, Jay"
337,"Henckel von Donnersmarck, Florian"
338,"Bayer, Samuel"
339,"Robinson, Julie Anne"
340,"Johnston, Joe"
341,"Wallace, Randall"
342,"Gluck, Will"
343,"Luessenhop, John"
344,"Berlanti, Greg"
345,"Antal, Nimród"
346,"Myers, Toni"
347,"Peyton, Brad"
348,"Letterman, Rob"
349,"Stamm, Daniel"
350,"Stewart, Scott"
351,"Antin, Steve"
352,"Eisner, Breck"
353,"Poul, Alan"
354,"Corbijn, Anton"
355,"Field Smith, Jim"
356,"Wright, Edgar"
357,"Michell, Roger"
358,"Brooks, James L."
359,"Spierig, Michael|Spierig, Peter"
360,"White, Susanna"
361,"Maniquis, Ethan|Rodriguez, Robert"
362,"Marshall, Rob"
363,"Bird, Brad"
364,"Lasseter, John|Lewis, Brad"
365,"Branagh, Kenneth"
366,"Wyatt, Rupert"
367,"Taylor, Tate"
368,"Feig, Paul"
369,"Yuh Nelson, Jennifer"
370,"Miller, Chris"
371,"Joost, Henry|Schulman, Ariel"
372,"Kasdan, Jake"
373,"Asbury, Kelly"
374,"Gondry, Michel"
375,"Bobin, James"
376,"Ficarra, Glenn|Requa, John"
377,"Singh, Tarsem"
378,"Payne, Alexander"
379,"Crowe, Cameron"
380,"Miller, Bennett"
381,"Smith, Charles Martin"
382,"Reitman, Ivan"
383,"Eck, Gary|Miller, George|Peers, David"
384,"Nolfi, George"
385,"Furman, Brad"
386,"Allen, Woody"
387,"Jones, Duncan"
388,"Caunter, Brian"
389,"Bowers, David"
390,"Brewer, Craig"
391,"Cook, Barry|Smith, Sarah"
392,"Hazanavicius, Michel"
393,"McNamara, Sean"
394,"Quale, Steven"
395,"Greenfield, Luke"
396,"Rodriguez, Robert"
397,"Craven, Wes"
398,"Niccol, Andrew"
399,"Christiansen, Christian E."
400,"Akil, Salim"
401,"Hanks, Tom"
402,"Strauss-Schulson, Todd"
403,"Winding Refn, Nicolas"
404,"Levine, Jonathan"
405,"Winer, Jason"
406,"Madden, John"
407,"Whedon, Joss"
408,"Ross, Gary"
409,"Mendes, Sam"
410,"Andrews, Mark|Chapman, Brenda|Purcell, Steve"
411,"MacFarlane, Seth"
412,"Darnell, Eric|McGrath, Tom|Vernon, Conrad"
413,"Balda, Kyle|Renaud, Chris"
414,"Moore, Rich"
415,"Tarantino, Quentin"
416,"Martino, Steve|Thurmeier, Mike"
417,"Sanders, Rupert"
418,"Tartakovsky, Genndy"
419,"Espinosa, Daniel"
420,"Sucsy, Michael"
421,"Lee, Ang"
422,"Ramsey, Peter"
423,"Bigelow, Kathryn"
424,"McQuarrie, Christopher"
425,"McCoy, Mike|Waugh, Scott"
426,"Kormákur, Baltasar"
427,"Johnson, Rian"
428,"Moore, Jason"
429,"Trank, Josh"
430,"Mårlind, Måns|Stein, Björn"
431,"Butler, Chris|Fell, Sam"
432,"Nourizadeh, Nima"
433,"Watkins, James"
434,"Bell, William Brent"
435,"Neveldine, Mark|Taylor, Brian"
436,"Hemingway, Anthony"
437,"Bornedal, Ole"
438,"Anderson, Wes"
439,"Bradley, Dan"
440,"Goddard, Drew"
441,"Jones, Kirk"
442,"Ayer, David"
443,"Hillcoat, John"
444,"Anders, Sean"
445,"Lorenz, Robert"
446,"Speer, Scott"
447,"Schaffer, Akiva"
448,"D'Souza, Dinesh|Sullivan, John"
449,"Tonderai, Mark"
450,"Lord, Peter|Newitt, Jeff"
451,"Graff, Todd"
452,"Fothergill, Alastair|Linfield, Mark"
453,"Tykwer, Tom|Wachowski, Lana|Wachowski, Lilly"
454,"Cutforth, Dan|Lipsitz, Jane"
455,"Black, Shane"
456,"Buck, Chris|Lee, Jennifer"
457,"Scanlon, Dan"
458,"Taylor, Alan"
459,"De Micco, Kirk|Sanders, Chris"
460,"Thurber, Rawson Marshall"
461,"Wan, James"
462,"Cameron, Cody|Pearn, Kris"
463,"Wedge, Chris"
464,"Goldberg, Evan|Rogen, Seth"
465,"Helgeland, Brian"
466,"Hall, Klay"
467,"Soren, David"
468,"Muschietti, Andy"
469,"DeMonaco, James"
470,"Villeneuve, Denis"
471,"Brunker, Cal"
472,"McQueen, Steve"
473,"Hayward, Jimmy"
474,"Wirkola, Tommy"
475,"Alvarez, Fede"
476,"Parisot, Dean"
477,"Anderson, Brad"
478,"Derbez, Eugenio"
479,"Waugh, Ric Roman"
480,"Twohy, David"
481,"Tiddes, Michael"
482,"Rinsch, Carl"
483,"Wells, John"
484,"Besson, Luc"
485,"Cook, Barry|Nightingale, Neil"
486,"Peirce, Kimberly"
487,"Small, Leslie|Story, Tim"
488,"Lee, Malcolm D.|Zucker, David"
489,"Scott, Ken"
490,"Spurlock, Morgan"
491,"Wadlow, Jeff"
492,"Vallée, Jean-Marc"
493,"Lucas, Jon|Moore, Scott"
494,"Gordon-Levitt, Joseph"
495,"Gunn, James"
496,"Stromberg, Robert"
497,"Hall, Don|Williams, Chris"
498,"Edwards, Gareth"
499,"DeBlois, Dean"
500,"Boone, Josh"
501,"Jolie, Angelina"
502,"Murro, Noam"
503,"Ball, Wes"
504,"Tyldum, Morten"
505,"Falcone, Ben"
506,"Leonetti, John R.|Wan, James"
507,"Darnell, Eric|Smith, Simon J."
508,"Arteta, Miguel"
509,"Lepeniotis, Peter"
510,"Cronk, Harold"
511,"Spencer, Christopher"
512,"Gannaway, Roberts"
513,"Padilha, José"
514,"Shore, Gary"
515,"Miller, Sam"
516,"White, Stiles"
517,"Annable, Graham|Stacchi, Anthony"
518,"Cutler, R.J."
519,"Gutiérrez, Jorge R."
520,"Melfi, Theodore"
521,"Waugh, Scott"
522,"Leitch, David|Stahelski, Chad"
523,"Hughes, Patrick"
524,"Green, Dave"
525,"Marsh, James"
526,"Landon, Christopher"
527,"Gilroy, Dan"
528,"Carter, Thomas"
529,"Flanagan, Mike"
530,"Hoffman, Michael"
531,"Gormican, Tom"
532,"Frank, Scott"
533,"Linklater, Richard"
534,"Trevorrow, Colin"
535,"Del Carmen, Ronnie|Docter, Pete"
536,"Balda, Kyle|Coffin, Pierre"
537,"Banks, Elizabeth"
538,"Johnson, Tim"
539,"Taylor-Johnson, Sam"
540,"Mitchell, Mike|Tibbitt, Paul"
541,"Miller, George"
542,"Martino, Steve"
543,"Sohn, Peter"
544,"Coogler, Ryan"
545,"Cohen, Etan"
546,"King, Paul"
547,"Jacobs, Gregory"
548,"Garelick, Jeremy"
549,"Daley, John Francis|Goldstein, Jonathan"
550,"Rosenthal, David M."
551,"Whannell, Leigh"
552,"DuVernay, Ava"
553,"McCarthy, Tom"
554,"Caro, Niki"
555,"Edgerton, Joel"
556,"Dougherty, Michael"
557,"Yakin, Boaz"
558,"Krieger, Lee Toland"
559,"Crowley, John"
560,"Landesman, Peter"
561,"Sandel, Ari"
562,"Curtis, Simon"
563,"Gabriadze, Levan"
564,"Ellin, Doug"
565,"Schreier, Jake"
566,"Foy, Ciarán"
567,"Demme, Jonathan"
568,"Harper, Tom"
569,"Nelson, Jessie"
570,"Gelb, David"
571,"Garland, Alex"
572,"Cluff, Travis|Lofing, Chris"
573,"Bach, Aleksander"
574,"Israelite, Dean"
575,"Binder, Mike"
576,"MacLane, Angus|Stanton, Andrew"
577,"Cheney, Yarrow|Renaud, Chris"
578,"Miller, Tim"
579,"Bush, Jared|Howard, Byron|Moore, Rich"
580,"Jennings, Garth|Lourdelet, Christophe"
581,"Clements, Ron|Hall, Don|Musker, John|Williams, Chris"
582,"Dohrn, Walt|Mitchell, Mike"
583,"Chazelle, Damien"
584,"Carloni, Alessandro|Yuh Nelson, Jennifer"
585,"Kaytis, Clay|Reilly, Fergal"
586,"Tiernan, Greg|Vernon, Conrad"
587,"O'Connor, Gavin"
588,"Lowery, David"
589,"Stoller, Nicholas|Sweetland, Doug"
590,"Trachtenberg, Dan"
591,"Sandberg, David F."
592,"Chu, Galen T.|Thurmeier, Mike"
593,"Najafi, Babak"
594,"Riggen, Patricia"
595,"Sharrock, Thea"
596,"Kurzel, Justin"
597,"Davis, Garth"
598,"Knight, Travis"
599,"Nicolas-Troyan, Cedric"
600,"Lonergan, Kenneth"
601,"Ditter, Christian"
602,"Szymanski, Jake"
603,"Foster, Jodie"
604,"Reynolds, Kevin"
605,"Mazer, Dan"
606,"Blakeson, J"
607,"Cassar, Jon"
608,"Jenkins, Barry"
609,"Mackenzie, David"
610,"Zada, Jason"
611,"Eggers, Robert"
612,"Maguire, Sharon"
613,"Jenkins, Patty"
614,"Watts, Jon"
615,"Balda, Kyle|Coffin, Pierre|Guillon, Eric"
616,"McKay, Chris"
617,"Peele, Jordan"
618,"Rønning, Joachim|Sandberg, Espen"
619,"Vogt-Roberts, Jordan"
620,"Fee, Brian"
621,"Waititi, Taika"
622,"Stahelski, Chad"
623,"Leondis, Tony"
624,"Kurtzman, Alex"
625,"Bean, Charlie|Fisher, Paul|Logan, Bob"
626,"Hazeldine, Stuart"
627,"Leitch, David"
628,"Arcel, Nikolaj"
629,"Zhang, Yimou"
630,"Braff, Zach"
631,"Boom, Benny"
632,"Roberts, Johannes"
633,"Showalter, Michael"
634,"Cuesta, Michael"
635,"Meghie, Stella"
636,"Sheridan, Taylor"
637,"Keen, Richie"
638,"Marino, Ken"
639,"Prieto, Luis"
640,"Foerster, Anna"
641,"Devlin, Dean"
642,"Abu-Assad, Hany"
643,"Gutiérrez, F. Javier"
644,"Meyers-Shyer, Hallie"
645,"Cohen, Andrew Jay"
646,"Title, Stacy"
647,"Aniello, Lucia"
648,"Maynard, Mimi|Summer, Eric|Victor-Lifton, Paulette|Warin, Éric"
649,"Thiessen, Jayson"
650,"bo Odar, Baran"
651,"Ponsoldt, James"
652,"Rajamouli, S.S."
653,"Shepard, Dax"
654,"Cretton, Destin Daniel"
655,"Oplev, Niels Arden"
656,"Shults, Trey Edward"
657,"Lu, Chuan"
658,"Cowperthwaite, Gabriela"
659,"Gracey, Michael"
660,"Coppola, Sofia"
661,"Abad, Javier"
662,"Allen, Kevin"
663,"Allers, Roger"
664,"Altman, Robert"
665,"Amenábar, Alejandro"
666,"Amiel, Jon"
667,"Andrews, Mark"
668,"Annable, Graham"
669,"Annaud, Jean-Jacques"
670,"Anspaugh, David"
671,"Arau, Alfonso"
672,"Armstrong, Gillian"
673,"Attenborough, Richard"
674,"Avildsen, John G."
675,"Bakshi, Ralph"
676,"Balda, Kyle"
677,"Bancroft, Tony"
678,"Barclay, Paris"
679,"Barron, Steve"
680,"Bartkowiak, Andrzej"
681,"Bean, Charlie"
682,"Beatty, Warren"
683,"Benton, Robert"
684,"Beresford, Bruce"
685,"Bergeron, Bibo"
686,"Berlinger, Joe"
687,"Berman, Shari Springer"
688,"Bezucha, Thomas"
689,"Bill, Tony"
690,"Blanco, Jorge"
691,"Blanks, Jamie"
692,"Blatty, William Peter"
693,"Blaustein, Barry W."
694,"Bluth, Don"
695,"Bochner, Hart"
696,"Boyle, Danny"
697,"Brady, Tom"
698,"Brambilla, Marco"
699,"Brannon, Ash"
700,"Bray, Kevin"
701,"Breashears, David"
702,"Brizzi, Gaëtan"
703,"Brizzi, Paul"
704,"Brown, Mark"
705,"Buck, Chris"
706,"Bush, Jared"
707,"Butler, Chris"
708,"Cain, Christopher"
709,"Cameron, Cody"
710,"Campion, Jane"
711,"Carloni, Alessandro"
712,"Carpenter, John"
713,"Caton-Jones, Michael"
714,"Cattaneo, Peter"
715,"Chadha, Gurinder"
716,"Chandrasekhar, Jay"
717,"Chapman, Brenda"
718,"Charbanic, Joe"
719,"Chechik, Jeremiah S."
720,"Chen, Joan"
721,"Cheney, Yarrow"
722,"Christian, Roger"
723,"Christopher, Mark"
724,"Chu, Galen T."
725,"Clark, David"
726,"Clements, Ron"
727,"Cluff, Travis"
728,"Coen, Ethan"
729,"Coen, Joel"
730,"Coffin, Pierre"
731,"Cole, Nigel"
732,"Coleman, Warren"
733,"Conran, Kerry"
734,"Cook, Barry"
735,"Cook, Donovan"
736,"Coolidge, Martha"
737,"Coppola, Francis Ford"
738,"Cronenberg, David"
739,"Culton, Jill"
740,"Curtis, Richard"
741,"Cutforth, Dan"
742,"Dahl, John"
743,"Daley, John Francis"
744,"Dante, Joe"
745,"Darnell, Eric"
746,"Davis, Tamra"
747,"Dayton, Jonathan"
748,"De Palma, Brian"
749,"Dear, William"
750,"Del Carmen, Ronnie"
751,"Deutch, Howard"
752,"DeVito, Danny"
753,"Di Novi, Denise"
754,"Dickerson, Ernest R."
755,"Dippé, Mark A.Z."
756,"Docter, Pete"
757,"Dohrn, Walt"
758,"Dolman, Bob"
759,"Donoghue, Mary Agnes"
760,"Donovan, Kevin"
761,"Douglas, Andrew"
762,"D'Souza, Dinesh"
763,"Duguay, Christian"
764,"Duke, Bill"
765,"Dunham, Duwayne"
766,"Dunne, Griffin"
767,"Duvall, Robert"
768,"Dylan, Jesse"
769,"Eberhardt, Thom"
770,"Eck, Gary"
771,"Edel, Uli"
772,"Edwards, Todd"
773,"Enríquez Alcalá, Félix"
774,"Erskin, Christopher"
775,"Estevez, Emilio"
776,"Evans, David Mickey"
777,"Falkenstein, Jun"
778,"Famuyiwa, Rick"
779,"Faris, Valerie"
780,"Farrelly, Bobby"
781,"Farrelly, Peter"
782,"Fell, Sam"
783,"Ficarra, Glenn"
784,"Field, Todd"
785,"Figgis, Mike"
786,"Finn, Will"
787,"Fisher, Paul"
788,"Flackett, Jennifer"
789,"Fleder, Gary"
790,"Forman, Milos"
791,"Fothergill, Alastair"
792,"Franklin, Carl"
793,"Friedberg, Jason"
794,"Friedkin, William"
795,"Furie, Sidney J."
796,"Gaghan, Stephen"
797,"Gallo, George"
798,"Garris, Mick"
799,"Gaup, Nils"
800,"George, Terry"
801,"Gillespie, Jim"
802,"Gilliam, Terry"
803,"Glimcher, Arne"
804,"Goldberg, Eric"
805,"Goldberg, Evan"
806,"Goldman, Gary"
807,"Goldstein, Jonathan"
808,"Goldwyn, Tony"
809,"Gordon, Dennie"
810,"Gordon, Josh"
811,"Grant, Darren"
812,"Gray, John"
813,"Green, David"
814,"Greno, Nathan"
815,"Gruber, J. Mackye"
816,"Guard, Charles"
817,"Guard, Thomas"
818,"Guillon, Eric"
819,"Gunn, Jon"
820,"Hackford, Taylor"
821,"Hahn, Don"
822,"Hall, Don"
823,"Hanson, Curtis"
824,"Hardwick, Gary"
825,"Harlin, Renny"
826,"Harris, Damian"
827,"Harrison, John"
828,"Hathcock, Bob"
829,"Heckerling, Amy"
830,"Hensleigh, Jonathan"
831,"Herek, Stephen"
832,"Herman-Wurmfeld, Charles"
833,"Herzfeld, John"
834,"Heston, Fraser C."
835,"Hewitt, Peter"
836,"Hickox, Anthony"
837,"Hill, Walter"
838,"Hillenburg, Stephen"
839,"Hiller, Arthur"
840,"Holland, Agnieszka"
841,"Holland, Tom"
842,"Howard, Byron"
843,"Howitt, Peter"
844,"Hudlin, Reginald"
845,"Hughes, Albert"
846,"Hughes, Allen"
847,"Hughes, Bronwen"
848,"Hui, Raman"
849,"Hurwitz, Jon"
850,"Hyams, Peter"
851,"Hytner, Nicholas"
852,"Ichaso, Leon"
853,"Iscove, Robert"
854,"Ivory, James"
855,"Jackson, Mick"
856,"Jacquet, Luc"
857,"Jarvis, Christopher"
858,"Jennings, Garth"
859,"Jenson, Vicky"
860,"Jeunet, Jean-Pierre"
861,"Joffé, Roland"
862,"Johnson, Mike"
863,"Johnson, Patrick Read"
864,"Jong, Ate de"
865,"Joost, Henry"
866,"Joyce, Maurice"
867,"Judge, Mike"
868,"Judson, Stephen"
869,"Junger, Gil"
870,"Kanew, Jeff"
871,"Kanganis, Charles T."
872,"Kaplan, Yvette"
873,"Kapur, Shekhar"
874,"Kasdan, Lawrence"
875,"Kassovitz, Mathieu"
876,"Kay, Stephen"
877,"Kaytis, Clay"
878,"Kearsley, Seth"
879,"Kentis, Chris"
880,"Keshishian, Alek"
881,"Kessler, Stephen"
882,"Khouri, Callie"
883,"Kidron, Beeban"
884,"Kilner, Clare"
885,"King, Zalman"
886,"Kirkpatrick, Karey"
887,"Kleiser, Randal"
888,"Koepp, David"
889,"Kovalyov, Igor"
890,"Kurtzman, Robert"
891,"Kusama, Karyn"
892,"Lambert, Mary"
893,"Landis, John"
894,"Lapine, James"
895,"Lasseter, John"
896,"Leder, Mimi"
897,"Lee, Jennifer"
898,"Leech, Tony"
899,"Leiner, Danny"
900,"Lemmons, Kasi"
901,"Leonard, Brett"
902,"Leonetti, John R."
903,"Levant, Brian"
904,"Leven, Jeremy"
905,"Levin, Mark"
906,"Lewis, Brad"
907,"Lieberman, Robert"
908,"Linfield, Mark"
909,"Lipsitz, Jane"
910,"Little, Dwight H."
911,"Lofing, Chris"
912,"Logan, Bob"
913,"Lord, Peter"
914,"Lord, Phil"
915,"Lourdelet, Christophe"
916,"Low, Stephen"
917,"Lucas, Jon"
918,"Lumet, Sidney"
919,"Lynch, David"
920,"Lynn, Jonathan"
921,"MacGillivray, Greg"
922,"MacLane, Angus"
923,"Makin, Kelly"
924,"Malick, Terrence"
925,"Malone, William"
926,"Mamet, David"
927,"Mandoki, Luis"
928,"Maniquis, Ethan"
929,"Marcus, Adam"
930,"Mårlind, Måns"
931,"Martínez, Marcos"
932,"Mayfield, Les"
933,"Maynard, Mimi"
934,"McAnuff, Des"
935,"McCanlies, Tim"
936,"McCoy, Mike"
937,"McCulloch, Bruce"
938,"McGrath, Douglas"
939,"McHenry, Doug"
940,"McLean, Greg"
941,"McNaughton, John"
942,"Medak, Peter"
943,"Meirelles, Fernando"
944,"Miller, Christopher"
945,"Miller, Frank"
946,"Miller, Randall"
947,"Miller, Troy"
948,"Miner, Steve"
949,"Minghella, Anthony"
950,"Moore, Scott"
951,"Moorhouse, Jocelyn"
952,"Moreau, David"
953,"Morris, Judy"
954,"Moyle, Allan"
955,"Murphy, Geoff"
956,"Musker, John"
957,"Myrick, Daniel"
958,"Nahon, Chris"
959,"Nakata, Hideo"
960,"Nava, Gregory"
961,"Nawrocki, Mike"
962,"Neibaur, Bruce"
963,"Neveldine, Mark"
964,"Newitt, Jeff"
965,"Nightingale, Neil"
966,"Noonan, Chris"
967,"Norris, Aaron"
968,"O'Connor, Pat"
969,"O'Haver, Tommy"
970,"Orr, James"
971,"Osborne, Mark"
972,"Oz, Frank"
973,"Palud, Xavier"
974,"Pang, Danny"
975,"Pang, Oxide Chun"
976,"Park, Nick"
977,"Parker, Oliver"
978,"Pearn, Kris"
979,"Peers, David"
980,"Pellington, Mark"
981,"Peterson, Bob"
982,"Petrie Jr., Daniel"
983,"Petrie, Donald"
984,"Pinkava, Jan"
985,"Polanski, Roman"
986,"Pollack, Sydney"
987,"Polson, John"
988,"Pope, Tim"
989,"Pritts, Rob"
990,"Pulcini, Robert"
991,"Purcell, Steve"
992,"Pytka, Joe"
993,"Raboy, Marcus"
994,"Radford, Michael"
995,"Ranft, Joe"
996,"Rash, Steve"
997,"Redford, Robert"
998,"Rees, Jerry"
999,"Reilly, Fergal"
1000,"Renaud, Chris"
